Maize chlorotic mottle virus,Sugarcane mosaic virus,Maize streak virus,Maize yellow dwarf virus,,,,
Maize chlorotic mottle virus,Sugarcane mosaic virus,Maize yellow dwarf virus,,,,,
Maize chlorotic mottle virus,Sugarcane mosaic virus,Maize yellow dwarf virus,Maize streak virus,,,,
Maize chlorotic mottle virus,Sugarcane mosaic virus,Maize streak virus,,,,,
Maize chlorotic mottle virus,Sugarcane mosaic virus,Maize streak virus,Maize yellow dwarf virus ,,,,
Maize chlorotic mottle virus,Sugarcane mosaic virus,Maize streak virus,,,,,
Maize chlorotic mottle virus,Sugarcane mosaic virus,Maize streak virus,Maize yellow dwarf virus,,,,
Maize chlorotic mottle virus,Sugarcane mosaic virus,Maize streak virus,Maize yellow dwarf virus,,,,
Maize chlorotic mottle virus,Sugarcane mosaic virus,Maize streak virus,,,,,
Maize chlorotic mottle virus,Sugarcane mosaic virus,Maize streak virus,,,,,
Maize chlorotic mottle virus,Sugarcane mosaic virus,Maize streak virus,Maize dwarf mosaic virus,Maize yellow dwarf virus,,,
Maize chlorotic mottle virus,Sugarcane mosaic virus,Maize streak virus,,,,,
Maize chlorotic mottle virus,Sugarcane mosaic virus,Maize streak virus,Maize yellow dwarf virus,,,,
Maize chlorotic mottle virus,Sugarcane mosaic virus,Maize streak virus,Maize yellow dwarf virus,,,,
Maize chlorotic mottle virus,Sugarcane mosaic virus,Maize streak virus,,,,,
Maize chlorotic mottle virus,Sugarcane mosaic virus,Maize streak virus,,,,,
Maize chlorotic mottle virus,Sugarcane mosaic virus,Maize streak virus,,,,,
Maize chlorotic mottle virus,Sugarcane mosaic virus,Maize streak virus,,,,,
Maize chlorotic mottle virus,Sugarcane mosaic virus,Maize streak virus,,,,,
Maize chlorotic mottle virus,Sugarcane mosaic virus,Maize streak virus,Maize yellow dwarf virus,,,,
Maize chlorotic mottle virus,Sugarcane mosaic virus,Maize streak virus,Maize yellow dwarf virus,,,,
Maize chlorotic mottle virus,Sugarcane mosaic virus,Maize streak virus,,,,,
Maize yellow mosaic virus,Sugarcane mosaic virus,Maize streak virus,Maize chlorotic mottle virus,,,,
Maize yellow mosaic virus,Sugarcane mosaic virus,Maize streak virus,Maize Chlorotic mottle virus,Hubei Poty-like virus 1,Telosma mosaic virus,Potato virus V,Scallion mosaic virus
Maize yellow dwarf virus,Sugarcane mosaic virus,Maize streak virus,Maize chlorotic mottle virus,,,,
Maize chlorotic mottle virus,Sugarcane mosaic virus,Maize streak virus,Maize yellow dwarf virus,,,,
Maize yellow dwarf virus,Maize chlorotic mottle virus,Maize streak virus,Sugarcane mosaic virus,,,,
Maize chlorotic mottle virus,Maize streak virus,Sugarcane mosaic virus,,,,,
Maize yellow dwarf virus,Maize chlorotic mottle virus,Maize streak virus,Sugarcane mosaic virus,Maize dwarf mosaic virus,Sorghum mosaic virus,,
Maize yellow dwarf virus,Maize chlorotic mottle virus,Maize streak virus,Sugarcane mosaic virus,Maize dwarf mosaic virus,,,
Maize yellow dwarf virus,Sugarcane mosaic virus,Maize streak virus,Maize chlorotic mottle virus,Barley virus G,Tobacco vein distorting virus,Hubei Poty-like virus 1,
Sugarcane mosaic virus,Maize streak virus,Maize chlorotic mottle virus,Maize yellow mosaic virus,,,,
Maize chlorotic mottle virus,,,,,,,
Sugarcane mosaic virus,Maize streak virus Maize chlorotic mottle virus,,,,,,
Maize chlorotic mottle virus,Sugarcane mosaic virus,Maize yellow mosaic virus,,,,,
Maize chlorotic mottle virus,Sugarcane mosaic virus,,,,,,
Maize chlorotic mottle virus,Maize streak virus,,,,,,
Maize chlorotic mottle virus,Sugarcane mosaic virus,,,,,,
Maize chlorotic mottle virus,Maize streak virus,,,,,,
Maize chlorotic mottle virus,Sugarcane mosaic virus,Maize streak virus,Maize yellow dwarf virus,,,,
Maize chlorotic mottle virus,,,,,,,
Maize chlorotic mottle virus,Sugarcane mosaic virus,Maize yellow mosaic virus,,,,,
Maize chlorotic mottle virus,Sugarcane mosaic virus,Maize streak virus,,,,,
Maize chlorotic mottle virus,Sugarcane mosaic virus,Maize streak virus,Sorghum mosaic virus,Maize yellow mosaic virus,,,
Maize chlorotic mottle virus,Maize streak virus,,,,,,
Maize chlorotic mottle virus,Sugarcane mosaic virus,Maize yellow dwarf virus 2,,,,,
Maize chlorotic mottle virus,,,,,,,
Maize chlorotic mottle virus,Sorghum mosaic virus,Sugarcane mosaic virus,,,,,
Maize chlorotic mottle virus,Maize streak virus,,,,,,
Maize chlorotic mottle virus,Sugarcane mosaic virus,,,,,,
Maize chlorotic mottle virus,Maize streak virus,,,,,,
Maize chlorotic mottle virus,Sugarcane mosaic virus,Maize yellow mosaic virus,Sorghum mosaic virus,,,,
Maize chlorotic mottle virus,Sugarcane mosaic virus,Maize yellow dwarf virus,,,,,
Maize chlorotic mottle virus,Sugarcane mosaic virus,Maize yellow dwarf virus,,,,,
Maize chlorotic mottle virus,Sugarcane mosaic virus,,,,,,
Maize chlorotic mottle virus,Maize streak virus,,,,,,
Maize chlorotic mottle virus,Sugarcane mosaic virus,,,,,,